Fitness,ExampleReversalStrategy.ExitStrategy.StopLoss,ExampleReversalStrategy.ExitStrategy.TargetProfit
-0.625117226905817,0.01,0
0.45764730370119,0.11,0
-0.174103983190736,0.21,0
2.02003880009056,0.31,0
-0.341586678259444,0.41,0
0.73137503232598,0.51,0
0.315053822764389,0.61,0
1.11665937467888,0.71,0
1.36626506226317,0.81,0
-0.695898318922228,0.91,0
