Fitness,ExampleReversalStrategy.ExitStrategy.StopLoss,ExampleReversalStrategy.ExitStrategy.TargetProfit
-1.73664496856369,0.01,0
11.0583426706572,0.11,0
3.39915136570606,0.21,0
6.27947131748284,0.31,0
7.39153128367518,0.41,0
7.39153128367518,0.51,0
7.39153128367518,0.61,0
7.82994284589018,0.71,0
7.82994284589018,0.81,0
7.82994284589018,0.91,0
