Fitness,ExampleReversalStrategy.ExitStrategy.StopLoss,ExampleReversalStrategy.ExitStrategy.TargetProfit
-1.3877386678058,0.01,0
8.7791601405446,0.11,0
4.59590298569889,0.21,0
2.43748927998792,0.31,0
10.6671874984262,0.41,0
4.53136296157444,0.51,0
5.50003103377307,0.61,0
5.42873393259862,0.71,0
4.99357700651153,0.81,0
16.0182432608393,0.91,0
