Fitness,ExampleReversalStrategy.ExitStrategy.StopLoss,ExampleReversalStrategy.ExitStrategy.TargetProfit
-1.32616300691698,0.01,0
0.862038068630825,0.11,0
-0.459700833683079,0.21,0
0.0243892938827516,0.31,0
4.58662030494485,0.41,0
9.56502062002892,0.51,0
0.393690972485758,0.61,0
0.0226091251456689,0.71,0
-0.717150641037759,0.81,0
-1.21453094429653,0.91,0
