Fitness,ExampleReversalStrategy.ExitStrategy.StopLoss,ExampleReversalStrategy.ExitStrategy.TargetProfit
-1.3728598193827,0.01,0
1.53964667691408,0.11,0
-1.50739973367495,0.21,0
-2.01090200689485,0.31,0
-0.849820411135946,0.41,0
3.05666883894325,0.51,0
-2.12485314297497,0.61,0
11.9625200221159,0.71,0
-1.26431272641529,0.81,0
-0.499091505472293,0.91,0
